﻿<?xml version="1.0" encoding="utf-8"?><ActaQualificacio xmlns:xsi="http://www.w3.org/2001/XMLSchema-instance" xmlns:xsd="http://www.w3.org/2001/XMLSchema"><Cap><VersioEsquema>1.0</VersioEsquema><Id>125921</Id><CentreDocent><Codi>3101</Codi><Nom>Facultat d'Educació i Psicologia</Nom></CentreDocent><CursAcademic>2016-17</CursAcademic><Assignatura><Codi>3101G01007</Codi><Nom>PRÀCTICUM 1</Nom></Assignatura><Grup>ER</Grup><Convocatoria><Codi>J</Codi><Nom>JUNY</Nom></Convocatoria></Cap><Linies><Linia><Estudiant><Codi>1934310</Codi><DI>47794555A</DI><Nom>Aina</Nom><Cognoms>Vilaró Verdaguer</Cognoms></Estudiant><Nota><NotaAlfa><Codi>N</Codi><Nom>NOTABLE</Nom></NotaAlfa><NotaNum>8.50</NotaNum></Nota></Linia></Linies><Peu><Data>2017-07-17T13:45:23.6378262+02:00</Data><Professors><Professor><Codi>2001707</Codi><DI>40463593S</DI><Nom>SARA</Nom><Cognoms>MALO CERRATO</Cognoms></Professor></Professors></Peu></ActaQualificacio>