﻿<?xml version="1.0" encoding="utf-8"?>
<METS:mets LABEL="Expedients" PROFILE="Expedient" xmlns:METS="http://www.loc.gov/METS/" TYPE="urn:iarxiu:2.0:templates:catcert:PL_expedient" xmlns:xlink="http://www.w3.org/1999/xlink">
  <!--Metadades descriptives: vocabulari expedient-->
  <METS:dmdSec ID="EXP-INT-2008-6">
    <METS:mdWrap MDTYPE="OTHER" OTHERMDTYPE="urn:iarxiu:2.0:vocabularies:catcert:Voc_expedient" MIMETYPE="text/xml">
      <METS:xmlData>
        <exp:expedient xmlns:exp="http://schemas.user.iarxiu.hp.com/2.0/Voc_expedient">
          <exp:codi_referencia>Agrupació expedients X504/1981/Llibre243/000051-000076</exp:codi_referencia>
          <exp:numero_expedient>Agrupació expedients X504/1981/Llibre243/000051-000076</exp:numero_expedient>
          <exp:codi_classificacio>X504</exp:codi_classificacio>
          <exp:titol_serie_documental>Altes al padró d'habitants</exp:titol_serie_documental>
          <exp:nivell_descripcio>Unitat documental composta</exp:nivell_descripcio>
          <exp:titol>Alta al padró d'habitants 1981</exp:titol>
          <exp:data_obertura>2015-10-20T22:00:00.0000000Z</exp:data_obertura>
          <exp:data_tancament>2015-10-20T22:00:00.0000000Z</exp:data_tancament>
          <exp:nom_productor>Ajuntament de Sant Boi de Llobregat</exp:nom_productor>
          <exp:classificacio_seguretat_acces>Accés restringit</exp:classificacio_seguretat_acces>
        </exp:expedient>
      </METS:xmlData>
    </METS:mdWrap>
  </METS:dmdSec>
  <!--Metadades descriptives: vocabulari document-->
  <METS:dmdSec ID="DOC-INT-2008-6-1">
    <METS:mdWrap MDTYPE="OTHER" OTHERMDTYPE="urn:iarxiu:2.0:vocabularies:catcert:Voc_document_exp" MIMETYPE="text/xml">
      <METS:xmlData>
        <doc:document xmlns:doc="http://schemas.user.iarxiu.hp.com/2.0/Voc_document_exp">
          <doc:codi_referencia>Agrupació expedients X504/1981/Llibre243/000051-000076</doc:codi_referencia>
          <doc:numero_document>Agrupació expedients X504/1981/Llibre243/000051-000076</doc:numero_document>
          <doc:titol>Alta al padró d'habitants 1981</doc:titol>
          <doc:data_creacio>2015-10-20T22:00:00.0000000Z</doc:data_creacio>
          <doc:nivell_descripcio>Unitat documental simple</doc:nivell_descripcio>
          <doc:suport>Electrònic</doc:suport>
          <doc:descripcio>Agrupació expedients X504/1981/Llibre243/000051-000076</doc:descripcio>
          <doc:descriptors>N210/2014/000001</doc:descriptors>
        </doc:document>
      </METS:xmlData>
    </METS:mdWrap>
  </METS:dmdSec>
  <!--Metadades administratives: signatura-->
  <!--Secció de fitxers-->
 <METS:fileSec>
  <METS:fileGrp ID="BIN-INT-2008-6-1.1.0">
   <METS:file ID="BIN-INT-2008-6-1.1" MIMETYPE="application/pdf" ADMID="PREMIS_OBJECT_BIN-INT-2008-6-1.1" CREATED="2010-06-15T09:56:03" CHECKSUM="93DF12666EBF13DC91ACDF30D9B49BA2CB1BD855" CHECKSUMTYPE="SHA-1">
    <METS:FLocat LOCTYPE="URL" xlink:href="BIN-INT-2008-6-1.1" xmlns:xlink="http://www.w3.org/1999/xlink"/>
   </METS:file>
  </METS:fileGrp>
 </METS:fileSec>
  <METS:structMap ID="structMap">
    <METS:div LABEL="expedient" DMDID="EXP-INT-2008-6">
      <METS:div LABEL="DOC-INT-2008-6-1" DMDID="DOC-INT-2008-6-1">
        <METS:div LABEL="BIN-INT-2008-6-1.1_.pdf">
          <METS:fptr FILEID="BIN-INT-2008-6-1.1.0"/>
        </METS:div>
      </METS:div>
    </METS:div>
  </METS:structMap>
</METS:mets>