<?xml version="1.0" encoding="utf-8"?>
<mets:mets TYPE="urn:iarxiu:2.0:templates:catcert:PL_document" xmlns:mets="http://www.loc.gov/METS/"><mets:dmdSec ID="DMD_1"><mets:mdWrap MDTYPE="OTHER" OTHERMDTYPE="urn:iarxiu:2.0:vocabularies:catcert:Voc_document" MIMETYPE="text/xml"><mets:xmlData><voc:document xmlns:voc="http://schemas.user.iarxiu.hp.com/2.0/Voc_document">
	<voc:codi_referencia>CodiRef</voc:codi_referencia>
	<voc:codi_classificacio>CodiClassificacio</voc:codi_classificacio>	
	<voc:titol_serie_documental>TitolSerieDoc</voc:titol_serie_documental>
	<voc:titol>2017-07-20T11:11:33</voc:titol>
	<voc:data_creacio>2015-09-16T13:46:21</voc:data_creacio>
	<voc:nivell_descripcio>Descripcio</voc:nivell_descripcio>
	<voc:suport>Document</voc:suport>
</voc:document></mets:xmlData></mets:mdWrap></mets:dmdSec><mets:amdSec ID="AMD_1"><mets:techMD ID="AMD_1.0"><mets:mdWrap MDTYPE="OTHER" OTHERMDTYPE="urn:iarxiu:2.0:vocabularies:catcert:Voc_signatura" MIMETYPE="text/xml"><mets:xmlData><!-- ES RECOMANA NOMES INDICAR EL ID_DOCUMENT. REVISAR GUIA --><sig:signatura xmlns:sig="http://schemas.user.iarxiu.hp.com/2.0/Voc_signatura">
<sig:identificador_document>BIN_1.0</sig:identificador_document>
</sig:signatura></mets:xmlData></mets:mdWrap></mets:techMD></mets:amdSec><mets:fileSec><mets:fileGrp ID="BIN_1"><mets:file CHECKSUM="db309d74a7da189f90419f674c8d385d7a311e38" CHECKSUMTYPE="SHA-1" CREATED="2017-07-20T11:11:33.433+02:00" ID="BIN_1.0" MIMETYPE="text/xml"><mets:FLocat xlin:href="AQ-2016-3101G01007-ER-J.xml" LOCTYPE="URL" xmlns:xlin="http://www.w3.org/1999/xlink"/></mets:file></mets:fileGrp><mets:fileGrp ID="BIN_2"><mets:file CHECKSUM="357bde0ceed1e2c2ba101054cc111d718dcebea8" CHECKSUMTYPE="SHA-1" CREATED="2017-07-20T11:11:33.478+02:00" ID="BIN_2.0" MIMETYPE="text/xml"><mets:FLocat xlin:href="AQ-2016-3101G01007-ER-J_signatura_1.xml" LOCTYPE="URL" xmlns:xlin="http://www.w3.org/1999/xlink"/></mets:file></mets:fileGrp></mets:fileSec><mets:structMap><mets:div DMDID="DMD_1" LABEL="MD_document"><mets:div LABEL="AQ-2016-3101G01007-ER-J.xml"><mets:fptr FILEID="BIN_1"/></mets:div><mets:div LABEL="AQ-2016-3101G01007-ER-J_signatura_1.xml" ADMID="AMD_1"><mets:fptr FILEID="BIN_2"/></mets:div></mets:div></mets:structMap></mets:mets>