<?xml version="1.0" encoding="utf-8" standalone="no"?>
<mets:mets TYPE="urn:iarxiu:2.0:templates:catcert:PL_document_prova" xmlns:mets="http://www.loc.gov/METS/">
 <mets:dmdSec ID="LOG_201006150906265">
  <mets:mdWrap MIMETYPE="text/xml" MDTYPE="OTHER" OTHERMDTYPE="urn:iarxiu:2.0:vocabularies:catcert:Voc_document">
   <mets:xmlData>
    <voc:document xmlns:voc="http://schemas.user.iarxiu.hp.com/2.0/Voc_document">
     <voc:codi_referencia>CAT/AADF/F0914/201006150906265</voc:codi_referencia>
     <voc:codi_classificacio>F0914</voc:codi_classificacio>
     <voc:titol_serie_documental>PLATAFORMA DE SERVEIS DE CONTRACTACIÓ PÚBLICA</voc:titol_serie_documental>
     <voc:titol>CATCERTSIGNLOG</voc:titol>
     <voc:data_creacio>2010-06-15T09:55:50</voc:data_creacio>
     <voc:nivell_descripcio>Unitat documental simple</voc:nivell_descripcio>
     <voc:suport>Electronic</voc:suport>
     <voc:descriptors>07</voc:descriptors>
    </voc:document>
   </mets:xmlData>
  </mets:mdWrap>
 </mets:dmdSec>
 <mets:fileSec>
  <mets:fileGrp ID="BIN_201006150906265_LOG">
   <mets:file ID="BIN_201006150906265_LOG.0" MIMETYPE="text/xml" CREATED="2010-06-15T09:56:03" CHECKSUM="dea785fb704b05e9bb36e780d25132980df34a7b" CHECKSUMTYPE="SHA-1">
    <mets:FLocat LOCTYPE="URL" xlink:href="201006150906265/LOG_201006150906265.xml" xmlns:xlink="http://www.w3.org/1999/xlink"/>
   </mets:file>
  </mets:fileGrp>
 </mets:fileSec>
 <mets:structMap>
  <mets:div LABEL="LOG_201006150906265" DMDID="LOG_201006150906265">
   <mets:div LABEL="LOG_201006150906265.xml">
    <mets:fptr FILEID="BIN_201006150906265_LOG"/>
   </mets:div>
  </mets:div>
 </mets:structMap>
</mets:mets>
